INSERT INTO INCLUSIONS (INCLUSION_ID, NAME) VALUES ('101', 'Accommodation only');
INSERT INTO INCLUSIONS (INCLUSION_ID, NAME) VALUES ('102', 'Free Breakfast');
INSERT INTO INCLUSIONS (INCLUSION_ID, NAME) VALUES ('103', 'Free Lunch or Dinner');
INSERT INTO INCLUSIONS (INCLUSION_ID, NAME) VALUES ('104', 'Free Lunch and Dinner');
INSERT INTO INCLUSIONS (INCLUSION_ID, NAME) VALUES ('105', 'Free Laundry');

INSERT INTO ROOM_INCLUSIONS (ROOM_INFO_ID, INCLUSION_ID) VALUES ('SP', '101');
INSERT INTO ROOM_INCLUSIONS (ROOM_INFO_ID, INCLUSION_ID) VALUES ('PR', '102');
INSERT INTO ROOM_INCLUSIONS (ROOM_INFO_ID, INCLUSION_ID) VALUES ('SP', '103');
INSERT INTO ROOM_INCLUSIONS (ROOM_INFO_ID, INCLUSION_ID) VALUES ('BC', '102');
INSERT INTO ROOM_INCLUSIONS (ROOM_INFO_ID, INCLUSION_ID) VALUES ('BC', '103');
INSERT INTO ROOM_INCLUSIONS (ROOM_INFO_ID, INCLUSION_ID) VALUES ('BC', '105');
INSERT INTO ROOM_INCLUSIONS (ROOM_INFO_ID, INCLUSION_ID) VALUES ('ES', '102');
INSERT INTO ROOM_INCLUSIONS (ROOM_INFO_ID, INCLUSION_ID) VALUES ('ES', '104');
INSERT INTO ROOM_INCLUSIONS (ROOM_INFO_ID, INCLUSION_ID) VALUES ('ES', '105');

INSERT INTO ROOM_INFO (ROOM_INFO_ID, NAME, PRICE) VALUES ('SP', 'Superior', '3500');
INSERT INTO ROOM_INFO (ROOM_INFO_ID, NAME, PRICE) VALUES ('PR', 'Premium',  '5000');
INSERT INTO ROOM_INFO (ROOM_INFO_ID, NAME, PRICE) VALUES ('BC', 'Business Class', '7000');
INSERT INTO ROOM_INFO (ROOM_INFO_ID, NAME, PRICE) VALUES ('ES', 'Executive Suite', '9000');

INSERT INTO ROOM (ROOM_ID, NAME, ROOM_NUMBER, ROOM_INFO) VALUES (100, 'Piccadilly', 'P1', 'SP');
INSERT INTO ROOM (ROOM_ID, NAME, ROOM_NUMBER, ROOM_INFO) VALUES (101, 'Piccadilly', 'P2', 'SP');
INSERT INTO ROOM (ROOM_ID, NAME, ROOM_NUMBER, ROOM_INFO) VALUES (102, 'Piccadilly', 'P3', 'PR');
INSERT INTO ROOM (ROOM_ID, NAME, ROOM_NUMBER, ROOM_INFO) VALUES (103, 'Piccadilly', 'P4', 'BC');
INSERT INTO ROOM (ROOM_ID, NAME, ROOM_NUMBER, ROOM_INFO) VALUES (104, 'Piccadilly', 'P5', 'BC');
INSERT INTO ROOM (ROOM_ID, NAME, ROOM_NUMBER, ROOM_INFO) VALUES (105, 'Piccadilly', 'P6', 'ES');
INSERT INTO ROOM (ROOM_ID, NAME, ROOM_NUMBER, ROOM_INFO) VALUES (106, 'Cambridge', 'C1', 'SP');
INSERT INTO ROOM (ROOM_ID, NAME, ROOM_NUMBER, ROOM_INFO) VALUES (107, 'Cambridge', 'C2', 'BC');
INSERT INTO ROOM (ROOM_ID, NAME, ROOM_NUMBER, ROOM_INFO) VALUES (108, 'Cambridge', 'C3', 'ES');
INSERT INTO ROOM (ROOM_ID, NAME, ROOM_NUMBER, ROOM_INFO) VALUES (109, 'Westminster', 'W1', 'SP');
INSERT INTO ROOM (ROOM_ID, NAME, ROOM_NUMBER, ROOM_INFO) VALUES (110, 'Westminster', 'W2', 'SP');
INSERT INTO ROOM (ROOM_ID, NAME, ROOM_NUMBER, ROOM_INFO) VALUES (111, 'Westminster', 'W3', 'PR');
INSERT INTO ROOM (ROOM_ID, NAME, ROOM_NUMBER, ROOM_INFO) VALUES (112, 'Westminster', 'W4', 'PR');
INSERT INTO ROOM (ROOM_ID, NAME, ROOM_NUMBER, ROOM_INFO) VALUES (113, 'Westminster', 'W5', 'BC');
INSERT INTO ROOM (ROOM_ID, NAME, ROOM_NUMBER, ROOM_INFO) VALUES (114, 'Westminster', 'W6', 'BC');
INSERT INTO ROOM (ROOM_ID, NAME, ROOM_NUMBER, ROOM_INFO) VALUES (115, 'Westminster', 'W7', 'ES');
INSERT INTO ROOM (ROOM_ID, NAME, ROOM_NUMBER, ROOM_INFO) VALUES (116, 'Oxford', 'O1', 'SP');
INSERT INTO ROOM (ROOM_ID, NAME, ROOM_NUMBER, ROOM_INFO) VALUES (117, 'Oxford', 'O2', 'SP');
INSERT INTO ROOM (ROOM_ID, NAME, ROOM_NUMBER, ROOM_INFO) VALUES (118, 'Oxford', 'O3', 'PR');
INSERT INTO ROOM (ROOM_ID, NAME, ROOM_NUMBER, ROOM_INFO) VALUES (119, 'Oxford', 'O4', 'BC');
INSERT INTO ROOM (ROOM_ID, NAME, ROOM_NUMBER, ROOM_INFO) VALUES (120, 'Oxford', 'O5', 'ES');
INSERT INTO ROOM (ROOM_ID, NAME, ROOM_NUMBER, ROOM_INFO) VALUES (121, 'Victoria', 'V1', 'SP');
INSERT INTO ROOM (ROOM_ID, NAME, ROOM_NUMBER, ROOM_INFO) VALUES (122, 'Victoria', 'V2', 'PR');
INSERT INTO ROOM (ROOM_ID, NAME, ROOM_NUMBER, ROOM_INFO) VALUES (123, 'Victoria', 'V3', 'BC');
INSERT INTO ROOM (ROOM_ID, NAME, ROOM_NUMBER, ROOM_INFO) VALUES (124, 'Manchester', 'M1', 'SP');
INSERT INTO ROOM (ROOM_ID, NAME, ROOM_NUMBER, ROOM_INFO) VALUES (125, 'Manchester', 'M2', 'PR');
INSERT INTO ROOM (ROOM_ID, NAME, ROOM_NUMBER, ROOM_INFO) VALUES (126, 'Manchester', 'M3', 'BC');
INSERT INTO ROOM (ROOM_ID, NAME, ROOM_NUMBER, ROOM_INFO) VALUES (128, 'Manchester', 'M4', 'ES');
