INSERT INTO ROOM_INFO (ROOM_INFO_ID, NAME, INCLUSIONS, PRICE) VALUES ('SP', 'Superior', '101', '1500');
INSERT INTO ROOM_INFO (ROOM_INFO_ID, NAME, INCLUSIONS, PRICE) VALUES ('PR', 'Premium', '102,103', '1500');
INSERT INTO ROOM_INFO (ROOM_INFO_ID, NAME, INCLUSIONS, PRICE) VALUES ('BC', 'Business Class', '102,103,105', '1500');
INSERT INTO ROOM_INFO (ROOM_INFO_ID, NAME, INCLUSIONS, PRICE) VALUES ('ES', 'Executive Suite', '102,104,105', '1500');

INSERT INTO INCLUSIONS (INCLUSION_ID, NAME) VALUES ('101', 'Accommodation only');
INSERT INTO INCLUSIONS (INCLUSION_ID, NAME) VALUES ('102', 'Free Breakfast');
INSERT INTO INCLUSIONS (INCLUSION_ID, NAME) VALUES ('103', 'Free Lunch or Dinner');
INSERT INTO INCLUSIONS (INCLUSION_ID, NAME) VALUES ('104', 'Free Lunch and Dinner');
INSERT INTO INCLUSIONS (INCLUSION_ID, NAME) VALUES ('105', 'Free Laundry');

INSERT INTO ROOM (NAME, ROOM_NUMBER, ROOM_INFO) VALUES ('Piccadilly', 'P1', 'SP');
INSERT INTO ROOM (NAME, ROOM_NUMBER, ROOM_INFO) VALUES ('Piccadilly', 'P2', 'SP');
INSERT INTO ROOM (NAME, ROOM_NUMBER, ROOM_INFO) VALUES ('Piccadilly', 'P3', 'PR');
INSERT INTO ROOM (NAME, ROOM_NUMBER, ROOM_INFO) VALUES ('Piccadilly', 'P4', 'BC');
INSERT INTO ROOM (NAME, ROOM_NUMBER, ROOM_INFO) VALUES ('Piccadilly', 'P5', 'BC');
INSERT INTO ROOM (NAME, ROOM_NUMBER, ROOM_INFO) VALUES ('Piccadilly', 'P6', 'ES');
INSERT INTO ROOM (NAME, ROOM_NUMBER, ROOM_INFO) VALUES ('Cambridge', 'C1', 'SP');
INSERT INTO ROOM (NAME, ROOM_NUMBER, ROOM_INFO) VALUES ('Cambridge', 'C2', 'BC');
INSERT INTO ROOM (NAME, ROOM_NUMBER, ROOM_INFO) VALUES ('Cambridge', 'C3', 'ES');
INSERT INTO ROOM (NAME, ROOM_NUMBER, ROOM_INFO) VALUES ('Westminster', 'W1', 'SP');
INSERT INTO ROOM (NAME, ROOM_NUMBER, ROOM_INFO) VALUES ('Westminster', 'W2', 'SP');
INSERT INTO ROOM (NAME, ROOM_NUMBER, ROOM_INFO) VALUES ('Westminster', 'W3', 'PR');
INSERT INTO ROOM (NAME, ROOM_NUMBER, ROOM_INFO) VALUES ('Westminster', 'W4', 'PR');
INSERT INTO ROOM (NAME, ROOM_NUMBER, ROOM_INFO) VALUES ('Westminster', 'W5', 'BC');
INSERT INTO ROOM (NAME, ROOM_NUMBER, ROOM_INFO) VALUES ('Westminster', 'W6', 'BC');
INSERT INTO ROOM (NAME, ROOM_NUMBER, ROOM_INFO) VALUES ('Westminster', 'W7', 'ES');
INSERT INTO ROOM (NAME, ROOM_NUMBER, ROOM_INFO) VALUES ('Oxford', 'O1', 'SP');
INSERT INTO ROOM (NAME, ROOM_NUMBER, ROOM_INFO) VALUES ('Oxford', 'O2', 'SP');
INSERT INTO ROOM (NAME, ROOM_NUMBER, ROOM_INFO) VALUES ('Oxford', 'O3', 'PR');
INSERT INTO ROOM (NAME, ROOM_NUMBER, ROOM_INFO) VALUES ('Oxford', 'O4', 'BC');
INSERT INTO ROOM (NAME, ROOM_NUMBER, ROOM_INFO) VALUES ('Oxford', 'O5', 'ES');
INSERT INTO ROOM (NAME, ROOM_NUMBER, ROOM_INFO) VALUES ('Victoria', 'V1', 'SP');
INSERT INTO ROOM (NAME, ROOM_NUMBER, ROOM_INFO) VALUES ('Victoria', 'V2', 'PR');
INSERT INTO ROOM (NAME, ROOM_NUMBER, ROOM_INFO) VALUES ('Victoria', 'V3', 'BC');
INSERT INTO ROOM (NAME, ROOM_NUMBER, ROOM_INFO) VALUES ('Manchester', 'M1', 'SP');
INSERT INTO ROOM (NAME, ROOM_NUMBER, ROOM_INFO) VALUES ('Manchester', 'M2', 'PR');
INSERT INTO ROOM (NAME, ROOM_NUMBER, ROOM_INFO) VALUES ('Manchester', 'M3', 'BC');
INSERT INTO ROOM (NAME, ROOM_NUMBER, ROOM_INFO) VALUES ('Manchester', 'M4', 'ES');
